{
    "m_GameObject": {
        "m_FileID": 0,
        "m_PathID": 0
    },
    "m_Enabled": 1,
    "m_Script": {
        "m_FileID": 0,
        "m_PathID": 3652094840918934080
    },
    "m_Name": "english_ss_seikaku",
    "hash": 154375652,
    "langID": 2,
    "isResident": 0,
    "isKanji": 0,
    "labelDataArray": [
        {
            "labelIndex": 0,
            "arrayIndex": 0,
            "labelName": "SEIKAKU_000",
            "styleInfo": {
                "styleIndex": 80,
                "colorIndex": -1,
                "fontSize": 32,
                "maxWidth": 192,
                "controlID": 0
            },
            "attributeValueArray": [
                -1,
                0,
                0,
                -1,
                0
            ],
            "tagDataArray": [],
            "wordDataArray": [
                {
                    "patternID": 0,
                    "eventID": 7,
                    "tagIndex": -1,
                    "tagValue": 0.0,
                    "str": "Hardy",
                    "strWidth": 78.625
                }
            ]
        },
        {
            "labelIndex": 1,
            "arrayIndex": 1,
            "labelName": "SEIKAKU_001",
            "styleInfo": {
                "styleIndex": 80,
                "colorIndex": -1,
                "fontSize": 32,
                "maxWidth": 192,
                "controlID": 0
            },
            "attributeValueArray": [
                -1,
                0,
                0,
                -1,
                0
            ],
            "tagDataArray": [],
            "wordDataArray": [
                {
                    "patternID": 0,
                    "eventID": 7,
                    "tagIndex": -1,
                    "tagValue": 0.0,
                    "str": "Lonely",
                    "strWidth": 85.828125
                }
            ]
        },
        {
            "labelIndex": 2,
            "arrayIndex": 2,
            "labelName": "SEIKAKU_002",
            "styleInfo": {
                "styleIndex": 80,
                "colorIndex": -1,
                "fontSize": 32,
                "maxWidth": 192,
                "controlID": 0
            },
            "attributeValueArray": [
                -1,
                0,
                0,
                -1,
                0
            ],
            "tagDataArray": [],
            "wordDataArray": [
                {
                    "patternID": 0,
                    "eventID": 7,
                    "tagIndex": -1,
                    "tagValue": 0.0,
                    "str": "Brave",
                    "strWidth": 72.3125
                }
            ]
        },
        {
            "labelIndex": 3,
            "arrayIndex": 3,
            "labelName": "SEIKAKU_003",
            "styleInfo": {
                "styleIndex": 80,
                "colorIndex": -1,
                "fontSize": 32,
                "maxWidth": 192,
                "controlID": 0
            },
            "attributeValueArray": [
                -1,
                0,
                0,
                -1,
                0
            ],
            "tagDataArray": [],
            "wordDataArray": [
                {
                    "patternID": 0,
                    "eventID": 7,
                    "tagIndex": -1,
                    "tagValue": 0.0,
                    "str": "Adamant",
                    "strWidth": 116.34375
                }
            ]
        },
        {
            "labelIndex": 4,
            "arrayIndex": 4,
            "labelName": "SEIKAKU_004",
            "styleInfo": {
                "styleIndex": 80,
                "colorIndex": -1,
                "fontSize": 32,
                "maxWidth": 192,
                "controlID": 0
            },
            "attributeValueArray": [
                -1,
                0,
                0,
                -1,
                0
            ],
            "tagDataArray": [],
            "wordDataArray": [
                {
                    "patternID": 0,
                    "eventID": 7,
                    "tagIndex": -1,
                    "tagValue": 0.0,
                    "str": "Naughty",
                    "strWidth": 108.6875
                }
            ]
        },
        {
            "labelIndex": 5,
            "arrayIndex": 5,
            "labelName": "SEIKAKU_005",
            "styleInfo": {
                "styleIndex": 80,
                "colorIndex": -1,
                "fontSize": 32,
                "maxWidth": 192,
                "controlID": 0
            },
            "attributeValueArray": [
                -1,
                0,
                0,
                -1,
                0
            ],
            "tagDataArray": [],
            "wordDataArray": [
                {
                    "patternID": 0,
                    "eventID": 7,
                    "tagIndex": -1,
                    "tagValue": 0.0,
                    "str": "Bold",
                    "strWidth": 59.53125
                }
            ]
        },
        {
            "labelIndex": 6,
            "arrayIndex": 6,
            "labelName": "SEIKAKU_006",
            "styleInfo": {
                "styleIndex": 80,
                "colorIndex": -1,
                "fontSize": 32,
                "maxWidth": 192,
                "controlID": 0
            },
            "attributeValueArray": [
                -1,
                0,
                0,
                -1,
                0
            ],
            "tagDataArray": [],
            "wordDataArray": [
                {
                    "patternID": 0,
                    "eventID": 7,
                    "tagIndex": -1,
                    "tagValue": 0.0,
                    "str": "Docile",
                    "strWidth": 84.578125
                }
            ]
        },
        {
            "labelIndex": 7,
            "arrayIndex": 7,
            "labelName": "SEIKAKU_007",
            "styleInfo": {
                "styleIndex": 80,
                "colorIndex": -1,
                "fontSize": 32,
                "maxWidth": 192,
                "controlID": 0
            },
            "attributeValueArray": [
                -1,
                0,
                0,
                -1,
                0
            ],
            "tagDataArray": [],
            "wordDataArray": [
                {
                    "patternID": 0,
                    "eventID": 7,
                    "tagIndex": -1,
                    "tagValue": 0.0,
                    "str": "Relaxed",
                    "strWidth": 104.390625
                }
            ]
        },
        {
            "labelIndex": 8,
            "arrayIndex": 8,
            "labelName": "SEIKAKU_008",
            "styleInfo": {
                "styleIndex": 80,
                "colorIndex": -1,
                "fontSize": 32,
                "maxWidth": 192,
                "controlID": 0
            },
            "attributeValueArray": [
                -1,
                0,
                0,
                -1,
                0
            ],
            "tagDataArray": [],
            "wordDataArray": [
                {
                    "patternID": 0,
                    "eventID": 7,
                    "tagIndex": -1,
                    "tagValue": 0.0,
                    "str": "Impish",
                    "strWidth": 83.0625
                }
            ]
        },
        {
            "labelIndex": 9,
            "arrayIndex": 9,
            "labelName": "SEIKAKU_009",
            "styleInfo": {
                "styleIndex": 80,
                "colorIndex": -1,
                "fontSize": 32,
                "maxWidth": 192,
                "controlID": 0
            },
            "attributeValueArray": [
                -1,
                0,
                0,
                -1,
                0
            ],
            "tagDataArray": [],
            "wordDataArray": [
                {
                    "patternID": 0,
                    "eventID": 7,
                    "tagIndex": -1,
                    "tagValue": 0.0,
                    "str": "Lax",
                    "strWidth": 44.734375
                }
            ]
        },
        {
            "labelIndex": 10,
            "arrayIndex": 10,
            "labelName": "SEIKAKU_010",
            "styleInfo": {
                "styleIndex": 80,
                "colorIndex": -1,
                "fontSize": 32,
                "maxWidth": 192,
                "controlID": 0
            },
            "attributeValueArray": [
                -1,
                0,
                0,
                -1,
                0
            ],
            "tagDataArray": [],
            "wordDataArray": [
                {
                    "patternID": 0,
                    "eventID": 7,
                    "tagIndex": -1,
                    "tagValue": 0.0,
                    "str": "Timid",
                    "strWidth": 72.34375
                }
            ]
        },
        {
            "labelIndex": 11,
            "arrayIndex": 11,
            "labelName": "SEIKAKU_011",
            "styleInfo": {
                "styleIndex": 80,
                "colorIndex": -1,
                "fontSize": 32,
                "maxWidth": 192,
                "controlID": 0
            },
            "attributeValueArray": [
                -1,
                0,
                0,
                -1,
                0
            ],
            "tagDataArray": [],
            "wordDataArray": [
                {
                    "patternID": 0,
                    "eventID": 7,
                    "tagIndex": -1,
                    "tagValue": 0.0,
                    "str": "Hasty",
                    "strWidth": 73.25
                }
            ]
        },
        {
            "labelIndex": 12,
            "arrayIndex": 12,
            "labelName": "SEIKAKU_012",
            "styleInfo": {
                "styleIndex": 80,
                "colorIndex": -1,
                "fontSize": 32,
                "maxWidth": 192,
                "controlID": 0
            },
            "attributeValueArray": [
                -1,
                0,
                0,
                -1,
                0
            ],
            "tagDataArray": [],
            "wordDataArray": [
                {
                    "patternID": 0,
                    "eventID": 7,
                    "tagIndex": -1,
                    "tagValue": 0.0,
                    "str": "Serious",
                    "strWidth": 92.9375
                }
            ]
        },
        {
            "labelIndex": 13,
            "arrayIndex": 13,
            "labelName": "SEIKAKU_013",
            "styleInfo": {
                "styleIndex": 80,
                "colorIndex": -1,
                "fontSize": 32,
                "maxWidth": 192,
                "controlID": 0
            },
            "attributeValueArray": [
                -1,
                0,
                0,
                -1,
                0
            ],
            "tagDataArray": [],
            "wordDataArray": [
                {
                    "patternID": 0,
                    "eventID": 7,
                    "tagIndex": -1,
                    "tagValue": 0.0,
                    "str": "Jolly",
                    "strWidth": 59.734375
                }
            ]
        },
        {
            "labelIndex": 14,
            "arrayIndex": 14,
            "labelName": "SEIKAKU_014",
            "styleInfo": {
                "styleIndex": 80,
                "colorIndex": -1,
                "fontSize": 32,
                "maxWidth": 192,
                "controlID": 0
            },
            "attributeValueArray": [
                -1,
                0,
                0,
                -1,
                0
            ],
            "tagDataArray": [],
            "wordDataArray": [
                {
                    "patternID": 0,
                    "eventID": 7,
                    "tagIndex": -1,
                    "tagValue": 0.0,
                    "str": "Naive",
                    "strWidth": 74.578125
                }
            ]
        },
        {
            "labelIndex": 15,
            "arrayIndex": 15,
            "labelName": "SEIKAKU_015",
            "styleInfo": {
                "styleIndex": 80,
                "colorIndex": -1,
                "fontSize": 32,
                "maxWidth": 192,
                "controlID": 0
            },
            "attributeValueArray": [
                -1,
                0,
                0,
                -1,
                0
            ],
            "tagDataArray": [],
            "wordDataArray": [
                {
                    "patternID": 0,
                    "eventID": 7,
                    "tagIndex": -1,
                    "tagValue": 0.0,
                    "str": "Modest",
                    "strWidth": 97.953125
                }
            ]
        },
        {
            "labelIndex": 16,
            "arrayIndex": 16,
            "labelName": "SEIKAKU_016",
            "styleInfo": {
                "styleIndex": 80,
                "colorIndex": -1,
                "fontSize": 32,
                "maxWidth": 192,
                "controlID": 0
            },
            "attributeValueArray": [
                -1,
                0,
                0,
                -1,
                0
            ],
            "tagDataArray": [],
            "wordDataArray": [
                {
                    "patternID": 0,
                    "eventID": 7,
                    "tagIndex": -1,
                    "tagValue": 0.0,
                    "str": "Mild",
                    "strWidth": 58.65625
                }
            ]
        },
        {
            "labelIndex": 17,
            "arrayIndex": 17,
            "labelName": "SEIKAKU_017",
            "styleInfo": {
                "styleIndex": 80,
                "colorIndex": -1,
                "fontSize": 32,
                "maxWidth": 192,
                "controlID": 0
            },
            "attributeValueArray": [
                -1,
                0,
                0,
                -1,
                0
            ],
            "tagDataArray": [],
            "wordDataArray": [
                {
                    "patternID": 0,
                    "eventID": 7,
                    "tagIndex": -1,
                    "tagValue": 0.0,
                    "str": "Quiet",
                    "strWidth": 73.59375
                }
            ]
        },
        {
            "labelIndex": 18,
            "arrayIndex": 18,
            "labelName": "SEIKAKU_018",
            "styleInfo": {
                "styleIndex": 80,
                "colorIndex": -1,
                "fontSize": 32,
                "maxWidth": 192,
                "controlID": 0
            },
            "attributeValueArray": [
                -1,
                0,
                0,
                -1,
                0
            ],
            "tagDataArray": [],
            "wordDataArray": [
                {
                    "patternID": 0,
                    "eventID": 7,
                    "tagIndex": -1,
                    "tagValue": 0.0,
                    "str": "Bashful",
                    "strWidth": 92.828125
                }
            ]
        },
        {
            "labelIndex": 19,
            "arrayIndex": 19,
            "labelName": "SEIKAKU_019",
            "styleInfo": {
                "styleIndex": 80,
                "colorIndex": -1,
                "fontSize": 32,
                "maxWidth": 192,
                "controlID": 0
            },
            "attributeValueArray": [
                -1,
                0,
                0,
                -1,
                0
            ],
            "tagDataArray": [],
            "wordDataArray": [
                {
                    "patternID": 0,
                    "eventID": 7,
                    "tagIndex": -1,
                    "tagValue": 0.0,
                    "str": "Rash",
                    "strWidth": 60.015625
                }
            ]
        },
        {
            "labelIndex": 20,
            "arrayIndex": 20,
            "labelName": "SEIKAKU_020",
            "styleInfo": {
                "styleIndex": 80,
                "colorIndex": -1,
                "fontSize": 32,
                "maxWidth": 192,
                "controlID": 0
            },
            "attributeValueArray": [
                -1,
                0,
                0,
                -1,
                0
            ],
            "tagDataArray": [],
            "wordDataArray": [
                {
                    "patternID": 0,
                    "eventID": 7,
                    "tagIndex": -1,
                    "tagValue": 0.0,
                    "str": "Calm",
                    "strWidth": 66.046875
                }
            ]
        },
        {
            "labelIndex": 21,
            "arrayIndex": 21,
            "labelName": "SEIKAKU_021",
            "styleInfo": {
                "styleIndex": 80,
                "colorIndex": -1,
                "fontSize": 32,
                "maxWidth": 192,
                "controlID": 0
            },
            "attributeValueArray": [
                -1,
                0,
                0,
                -1,
                0
            ],
            "tagDataArray": [],
            "wordDataArray": [
                {
                    "patternID": 0,
                    "eventID": 7,
                    "tagIndex": -1,
                    "tagValue": 0.0,
                    "str": "Gentle",
                    "strWidth": 88.671875
                }
            ]
        },
        {
            "labelIndex": 22,
            "arrayIndex": 22,
            "labelName": "SEIKAKU_022",
            "styleInfo": {
                "styleIndex": 80,
                "colorIndex": -1,
                "fontSize": 32,
                "maxWidth": 192,
                "controlID": 0
            },
            "attributeValueArray": [
                -1,
                0,
                0,
                -1,
                0
            ],
            "tagDataArray": [],
            "wordDataArray": [
                {
                    "patternID": 0,
                    "eventID": 7,
                    "tagIndex": -1,
                    "tagValue": 0.0,
                    "str": "Sassy",
                    "strWidth": 68.15625
                }
            ]
        },
        {
            "labelIndex": 23,
            "arrayIndex": 23,
            "labelName": "SEIKAKU_023",
            "styleInfo": {
                "styleIndex": 80,
                "colorIndex": -1,
                "fontSize": 32,
                "maxWidth": 192,
                "controlID": 0
            },
            "attributeValueArray": [
                -1,
                0,
                0,
                -1,
                0
            ],
            "tagDataArray": [],
            "wordDataArray": [
                {
                    "patternID": 0,
                    "eventID": 7,
                    "tagIndex": -1,
                    "tagValue": 0.0,
                    "str": "Careful",
                    "strWidth": 94.296875
                }
            ]
        },
        {
            "labelIndex": 24,
            "arrayIndex": 24,
            "labelName": "SEIKAKU_024",
            "styleInfo": {
                "styleIndex": 80,
                "colorIndex": -1,
                "fontSize": 32,
                "maxWidth": 192,
                "controlID": 0
            },
            "attributeValueArray": [
                -1,
                0,
                0,
                -1,
                0
            ],
            "tagDataArray": [],
            "wordDataArray": [
                {
                    "patternID": 0,
                    "eventID": 7,
                    "tagIndex": -1,
                    "tagValue": 0.0,
                    "str": "Quirky",
                    "strWidth": 86.421875
                }
            ]
        }
    ]
}