{
    "m_GameObject": {
        "m_FileID": 0,
        "m_PathID": 0
    },
    "m_Enabled": 1,
    "m_Script": {
        "m_FileID": 0,
        "m_PathID": 3652094840918934080
    },
    "m_Name": "english_ss_typename",
    "hash": -458416506,
    "langID": 2,
    "isResident": 0,
    "isKanji": 0,
    "labelDataArray": [
        {
            "labelIndex": 0,
            "arrayIndex": 0,
            "labelName": "TYPENAME_000",
            "styleInfo": {
                "styleIndex": 119,
                "colorIndex": -1,
                "fontSize": 42,
                "maxWidth": 252,
                "controlID": 0
            },
            "attributeValueArray": [
                -1,
                0,
                0,
                -1,
                0
            ],
            "tagDataArray": [],
            "wordDataArray": [
                {
                    "patternID": 0,
                    "eventID": 7,
                    "tagIndex": -1,
                    "tagValue": 0.0,
                    "str": "Normal",
                    "strWidth": 94.234375
                }
            ]
        },
        {
            "labelIndex": 1,
            "arrayIndex": 1,
            "labelName": "TYPENAME_001",
            "styleInfo": {
                "styleIndex": 119,
                "colorIndex": -1,
                "fontSize": 42,
                "maxWidth": 252,
                "controlID": 0
            },
            "attributeValueArray": [
                -1,
                0,
                0,
                -1,
                0
            ],
            "tagDataArray": [],
            "wordDataArray": [
                {
                    "patternID": 0,
                    "eventID": 7,
                    "tagIndex": -1,
                    "tagValue": 0.0,
                    "str": "Fighting",
                    "strWidth": 104.953125
                }
            ]
        },
        {
            "labelIndex": 2,
            "arrayIndex": 2,
            "labelName": "TYPENAME_002",
            "styleInfo": {
                "styleIndex": 119,
                "colorIndex": -1,
                "fontSize": 42,
                "maxWidth": 252,
                "controlID": 0
            },
            "attributeValueArray": [
                -1,
                0,
                0,
                -1,
                0
            ],
            "tagDataArray": [],
            "wordDataArray": [
                {
                    "patternID": 0,
                    "eventID": 7,
                    "tagIndex": -1,
                    "tagValue": 0.0,
                    "str": "Flying",
                    "strWidth": 77.6875
                }
            ]
        },
        {
            "labelIndex": 3,
            "arrayIndex": 3,
            "labelName": "TYPENAME_003",
            "styleInfo": {
                "styleIndex": 119,
                "colorIndex": -1,
                "fontSize": 42,
                "maxWidth": 252,
                "controlID": 0
            },
            "attributeValueArray": [
                -1,
                0,
                0,
                -1,
                0
            ],
            "tagDataArray": [],
            "wordDataArray": [
                {
                    "patternID": 0,
                    "eventID": 7,
                    "tagIndex": -1,
                    "tagValue": 0.0,
                    "str": "Poison",
                    "strWidth": 85.296875
                }
            ]
        },
        {
            "labelIndex": 4,
            "arrayIndex": 4,
            "labelName": "TYPENAME_004",
            "styleInfo": {
                "styleIndex": 119,
                "colorIndex": -1,
                "fontSize": 42,
                "maxWidth": 252,
                "controlID": 0
            },
            "attributeValueArray": [
                -1,
                0,
                0,
                -1,
                0
            ],
            "tagDataArray": [],
            "wordDataArray": [
                {
                    "patternID": 0,
                    "eventID": 7,
                    "tagIndex": -1,
                    "tagValue": 0.0,
                    "str": "Ground",
                    "strWidth": 98.578125
                }
            ]
        },
        {
            "labelIndex": 5,
            "arrayIndex": 5,
            "labelName": "TYPENAME_005",
            "styleInfo": {
                "styleIndex": 119,
                "colorIndex": -1,
                "fontSize": 42,
                "maxWidth": 252,
                "controlID": 0
            },
            "attributeValueArray": [
                -1,
                0,
                0,
                -1,
                0
            ],
            "tagDataArray": [],
            "wordDataArray": [
                {
                    "patternID": 0,
                    "eventID": 7,
                    "tagIndex": -1,
                    "tagValue": 0.0,
                    "str": "Rock",
                    "strWidth": 63.546875
                }
            ]
        },
        {
            "labelIndex": 6,
            "arrayIndex": 6,
            "labelName": "TYPENAME_006",
            "styleInfo": {
                "styleIndex": 119,
                "colorIndex": -1,
                "fontSize": 42,
                "maxWidth": 252,
                "controlID": 0
            },
            "attributeValueArray": [
                -1,
                0,
                0,
                -1,
                0
            ],
            "tagDataArray": [],
            "wordDataArray": [
                {
                    "patternID": 0,
                    "eventID": 7,
                    "tagIndex": -1,
                    "tagValue": 0.0,
                    "str": "Bug",
                    "strWidth": 49.078125
                }
            ]
        },
        {
            "labelIndex": 7,
            "arrayIndex": 7,
            "labelName": "TYPENAME_007",
            "styleInfo": {
                "styleIndex": 119,
                "colorIndex": -1,
                "fontSize": 42,
                "maxWidth": 252,
                "controlID": 0
            },
            "attributeValueArray": [
                -1,
                0,
                0,
                -1,
                0
            ],
            "tagDataArray": [],
            "wordDataArray": [
                {
                    "patternID": 0,
                    "eventID": 7,
                    "tagIndex": -1,
                    "tagValue": 0.0,
                    "str": "Ghost",
                    "strWidth": 77.625
                }
            ]
        },
        {
            "labelIndex": 8,
            "arrayIndex": 8,
            "labelName": "TYPENAME_008",
            "styleInfo": {
                "styleIndex": 119,
                "colorIndex": -1,
                "fontSize": 42,
                "maxWidth": 252,
                "controlID": 0
            },
            "attributeValueArray": [
                -1,
                0,
                0,
                -1,
                0
            ],
            "tagDataArray": [],
            "wordDataArray": [
                {
                    "patternID": 0,
                    "eventID": 7,
                    "tagIndex": -1,
                    "tagValue": 0.0,
                    "str": "Steel",
                    "strWidth": 65.21875
                }
            ]
        },
        {
            "labelIndex": 9,
            "arrayIndex": 9,
            "labelName": "TYPENAME_010",
            "styleInfo": {
                "styleIndex": 119,
                "colorIndex": -1,
                "fontSize": 42,
                "maxWidth": 252,
                "controlID": 0
            },
            "attributeValueArray": [
                -1,
                0,
                0,
                -1,
                0
            ],
            "tagDataArray": [],
            "wordDataArray": [
                {
                    "patternID": 0,
                    "eventID": 7,
                    "tagIndex": -1,
                    "tagValue": 0.0,
                    "str": "Fire",
                    "strWidth": 49.390625
                }
            ]
        },
        {
            "labelIndex": 10,
            "arrayIndex": 10,
            "labelName": "TYPENAME_011",
            "styleInfo": {
                "styleIndex": 119,
                "colorIndex": -1,
                "fontSize": 42,
                "maxWidth": 252,
                "controlID": 0
            },
            "attributeValueArray": [
                -1,
                0,
                0,
                -1,
                0
            ],
            "tagDataArray": [],
            "wordDataArray": [
                {
                    "patternID": 0,
                    "eventID": 7,
                    "tagIndex": -1,
                    "tagValue": 0.0,
                    "str": "Water",
                    "strWidth": 79.609375
                }
            ]
        },
        {
            "labelIndex": 11,
            "arrayIndex": 11,
            "labelName": "TYPENAME_012",
            "styleInfo": {
                "styleIndex": 119,
                "colorIndex": -1,
                "fontSize": 42,
                "maxWidth": 252,
                "controlID": 0
            },
            "attributeValueArray": [
                -1,
                0,
                0,
                -1,
                0
            ],
            "tagDataArray": [],
            "wordDataArray": [
                {
                    "patternID": 0,
                    "eventID": 7,
                    "tagIndex": -1,
                    "tagValue": 0.0,
                    "str": "Grass",
                    "strWidth": 71.3125
                }
            ]
        },
        {
            "labelIndex": 12,
            "arrayIndex": 12,
            "labelName": "TYPENAME_013",
            "styleInfo": {
                "styleIndex": 119,
                "colorIndex": -1,
                "fontSize": 42,
                "maxWidth": 252,
                "controlID": 0
            },
            "attributeValueArray": [
                -1,
                0,
                0,
                -1,
                0
            ],
            "tagDataArray": [],
            "wordDataArray": [
                {
                    "patternID": 0,
                    "eventID": 7,
                    "tagIndex": -1,
                    "tagValue": 0.0,
                    "str": "Electric",
                    "strWidth": 94.8125
                }
            ]
        },
        {
            "labelIndex": 13,
            "arrayIndex": 13,
            "labelName": "TYPENAME_014",
            "styleInfo": {
                "styleIndex": 119,
                "colorIndex": -1,
                "fontSize": 42,
                "maxWidth": 252,
                "controlID": 0
            },
            "attributeValueArray": [
                -1,
                0,
                0,
                -1,
                0
            ],
            "tagDataArray": [],
            "wordDataArray": [
                {
                    "patternID": 0,
                    "eventID": 7,
                    "tagIndex": -1,
                    "tagValue": 0.0,
                    "str": "Psychic",
                    "strWidth": 93.265625
                }
            ]
        },
        {
            "labelIndex": 14,
            "arrayIndex": 14,
            "labelName": "TYPENAME_015",
            "styleInfo": {
                "styleIndex": 119,
                "colorIndex": -1,
                "fontSize": 42,
                "maxWidth": 252,
                "controlID": 0
            },
            "attributeValueArray": [
                -1,
                0,
                0,
                -1,
                0
            ],
            "tagDataArray": [],
            "wordDataArray": [
                {
                    "patternID": 0,
                    "eventID": 7,
                    "tagIndex": -1,
                    "tagValue": 0.0,
                    "str": "Ice",
                    "strWidth": 38.3125
                }
            ]
        },
        {
            "labelIndex": 15,
            "arrayIndex": 15,
            "labelName": "TYPENAME_016",
            "styleInfo": {
                "styleIndex": 119,
                "colorIndex": -1,
                "fontSize": 42,
                "maxWidth": 252,
                "controlID": 0
            },
            "attributeValueArray": [
                -1,
                0,
                0,
                -1,
                0
            ],
            "tagDataArray": [],
            "wordDataArray": [
                {
                    "patternID": 0,
                    "eventID": 7,
                    "tagIndex": -1,
                    "tagValue": 0.0,
                    "str": "Dragon",
                    "strWidth": 95.984375
                }
            ]
        },
        {
            "labelIndex": 16,
            "arrayIndex": 16,
            "labelName": "TYPENAME_017",
            "styleInfo": {
                "styleIndex": 119,
                "colorIndex": -1,
                "fontSize": 42,
                "maxWidth": 252,
                "controlID": 0
            },
            "attributeValueArray": [
                -1,
                0,
                0,
                -1,
                0
            ],
            "tagDataArray": [],
            "wordDataArray": [
                {
                    "patternID": 0,
                    "eventID": 7,
                    "tagIndex": -1,
                    "tagValue": 0.0,
                    "str": "Dark",
                    "strWidth": 61.875
                }
            ]
        },
        {
            "labelIndex": 17,
            "arrayIndex": 17,
            "labelName": "TYPENAME_018",
            "styleInfo": {
                "styleIndex": 119,
                "colorIndex": -1,
                "fontSize": 42,
                "maxWidth": 252,
                "controlID": 0
            },
            "attributeValueArray": [
                -1,
                0,
                0,
                -1,
                0
            ],
            "tagDataArray": [],
            "wordDataArray": [
                {
                    "patternID": 0,
                    "eventID": 7,
                    "tagIndex": -1,
                    "tagValue": 0.0,
                    "str": "Fairy",
                    "strWidth": 63.09375
                }
            ]
        }
    ]
}